Codon,AA,Count,RSCU
AAA,Lys,36172,1.2698613305248376
AAC,Asn,27363,0.9937894966223578
AAG,Lys,20798,0.7301386694751624
AAT,Asn,27705,1.0062105033776423
ACA,Thr,19632,0.9186065554593734
ACC,Thr,24772,1.1591137730154646
ACG,Thr,24607,1.1513932105841893
ACT,Thr,16475,0.7708864609409728
AGA,Arg,19011,0.7556441782818379
AGC,Ser,27036,1.2266787658802178
AGG,Arg,17063,0.6782155917112724
AGT,Ser,16571,0.7518602540834846
ATA,Ile,21575,0.8291592472553516
ATC,Ile,28959,1.1129373182511113
ATG,Met,25368,1.0
ATT,Ile,27527,1.0579034344935372
CAA,Gln,25191,0.8408912626220479
CAC,His,22369,0.9279624981850615
CAG,Gln,34724,1.159108737377952
CAT,His,25842,1.0720375018149384
CCA,Pro,28846,1.2674685560498709
CCC,Pro,16043,0.7049156917669028
CCG,Pro,29143,1.280518481902565
CCT,Pro,17003,0.7470972702806613
CGA,Arg,23729,0.9431739890826223
CGC,Arg,38319,1.5230934336742805
CGG,Arg,28875,1.1477158301976786
CGT,Arg,23955,0.952156977052308
CTA,Leu,8916,0.4219127088032557
CTC,Leu,14339,0.6785336845592063
CTG,Leu,33831,1.6009117150653818
CTT,Leu,21063,0.99671908765399
GAA,Glu,28119,1.32884383639328
GAC,Asp,18308,0.7787821426292617
GAG,Glu,14202,0.67115616360672
GAT,Asp,28709,1.2212178573707382
GCA,Ala,32204,1.0020068762737442
GCC,Ala,31165,0.9696790553680051
GCG,Ala,38202,1.1886308125515332
GCT,Ala,26987,0.8396832558067175
GGA,Gly,18859,0.8342844503428445
GGC,Gly,31026,1.372528201725282
GGG,Gly,15818,0.6997566909975669
GGT,Gly,24717,1.0934306569343066
GTA,Val,17708,0.8314102940313398
GTC,Val,18214,0.8551675567815012
GTG,Val,21764,1.0218440049298667
GTT,Val,27509,1.291578144257292
TAC,Tyr,17611,0.9098705794218698
TAT,Tyr,21100,1.0901294205781302
TCA,Ser,27739,1.2585753176043557
TCC,Ser,18679,0.8475045372050817
TCG,Ser,23854,1.0823049001814882
TCT,Ser,18361,0.833076225045372
TGC,Cys,31708,1.236155240638584
TGG,Trp,28322,1.0
TGT,Cys,19593,0.7638447593614159
TTA,Leu,22989,1.087859046958058
TTC,Phe,28279,0.8685063190061578
TTG,Leu,25656,1.2140637569601085
TTT,Phe,36842,1.1314936809938423
