Dinucleotide,Observed,Expected,OE_ratio
GC,384102,299350.8577153302,1.2831164170749245
TT,339584,280665.7175631051,1.2099233313867328
AA,338006,281334.9637648353,1.201436165191808
CG,346793,299350.8577153302,1.1584834018741488
CA,325327,290530.02228342736,1.1197706778909973
TG,322379,289531.63839130965,1.113449990443864
AT,309950,281000.14142460446,1.1030243558904511
GA,267384,289876.62633418257,0.9224062090875444
TC,267395,290184.2567210297,0.9214662539638108
CC,271821,300025.609040774,0.9059926613233175
GG,270252,298677.62389151787,0.9048284115791604
AC,256773,290530.02228342736,0.8838088331866246
GT,255699,289531.63839130965,0.8831470074245084
AG,238013,289876.62633418257,0.8210837935087878
CT,236149,290184.2567210297,0.8137898405254397
TA,212024,281000.14142460446,0.7545334280797451
